155618606,Mark,Armendariz,Tyndall DriveTyndall Air Force Base FL 32403,mark@gmail.com,01-11-1980,Other,Finance,7384090623,Inactive
813647492,David,Duncan,1711 8th Street NorthwestWashington AR 20001,david@gmail.com,03-09-1993,Male,IT,4360383110,Active
445851942,Kimberly,Rosario,145 Saint John StreetManchester CT 06040,kimberly@gmail.com,09-18-2001,Female,DevOps,0225202804,Inactive
290104744,John,Bush,6021 Yarrow StreetArvada CO 80004,john@gmail.com,02-03-1985,Female,Accounting,9660234104,Inactive
829035104,Carolyn,Wilkinson,1013 Balboa AvenueCapitola CA 95010,carolyn@gmail.com,09-12-1989,Male,HR,9178599380,Inactive
285189403,Steven,Lunford,1495 Snell BoulevardNashville TN 37218,steven@gmail.com,10-24-1994,Male,Finance,0919786881,Active
766010433,Erica,Fazzino,3408 Bellisima PlaceLouisville KY 40245,erica@gmail.com,11-25-1992,Male,Accounting,6969043000,Active
491829214,Elaine,Hunn,95 Woods Hill Roadundefined VT 05488,elaine@gmail.com,08-27-1996,Female,IT,0662114531,Inactive
694948043,Jennifer,Anderson,1122 McDaniel StreetSun City Center FL 33573,jennifer@gmail.com,10-09-1996,Female,HR,5504846267,Inactive
579929845,Misty,Blockmon,8752 Pierce WayArvada CO 80003,misty@gmail.com,03-10-1974,Female,IT,2029575576,Active
194346276,Alexander,Callahan,8007 Kendrick Crossing LaneLouisville KY 40291,alexander@gmail.com,05-11-1996,Other,Accounting,6519753963,Active
587012469,Rafael,White,534 Hamilton Street NortheastWashington AR 20011,rafael@gmail.com,09-09-1990,Female,HR,4694071711,Inactive
199438748,Greg,Welch,412 Lakefront DrivePanama City Beach FL 32413,greg@gmail.com,07-06-1987,Other,Finance,1172517686,Active
158658781,Anna,Tanner,5601 West Crocus DriveGlendale AZ 85306,anna@gmail.com,12-01-1987,Female,Accounting,4171426729,Inactive
335582540,Stanley,Russell,3612 Jim Robison DriveEdmond OK 73013,stanley@gmail.com,08-03-1986,Male,Accounting,3356714886,Active
107238719,Lula,Alvidrez,14347 Corvallis StreetSan Leandro CA 94579,lula@gmail.com,10-23-1989,Female,HR,5937294983,Active
440522993,Margarita,Fremont,1509 Hadley AvenueNashville TN 37138,margarita@gmail.com,04-15-1994,Other,DevOps,4194716291,Active
563233535,Kimberly,Schaefer,704 Crescent RoadNashville TN 37205,kimberly@gmail.com,12-11-1993,Male,Marketing,9273995051,Inactive
176685444,Robert,Callahan,5900 Upland RoadBrooklyn Park MD 21225,robert@gmail.com,05-18-1982,Male,Finance,6853447776,Inactive
635360563,Muriel,Davidson,1402 Maggies WayWaterbury Center VT 05677,muriel@gmail.com,03-13-1984,Male,IT,6161605196,Active
638335075,Paulette,Witte,3345 Archie Watkins RoadFarmington AR 72730,paulette@gmail.com,07-08-2002,Other,HR,5812058423,Active
643494008,Alice,Marquis,653 Vermont 12Hartland VT 05048,alice@gmail.com,03-22-1974,Male,Marketing,6425436880,Inactive
579422817,Dwayne,Fischer,19237 North 69th AvenueGlendale AZ 85308,dwayne@gmail.com,06-22-1998,Male,Marketing,8806083920,Active
352304125,Cindy,Richardson,1333 Kenyon Street NorthwestWashington AR 20010,cindy@gmail.com,01-22-1978,Other,Finance,6202722485,Inactive
761009224,Edward,Peterson,1079 East Kentucky StreetLouisville KY 40204,edward@gmail.com,07-14-1987,Female,DevOps,8545991934,Inactive
300164415,Otto,Alexander,653 Vermont 12Hartland VT 05048,otto@gmail.com,06-01-1988,Female,Finance,3308626963,Inactive
960994440,Charles,Emanuele,24 Amherst DriveManchester CT 06042,charles@gmail.com,05-19-1973,Female,Finance,6341331036,Inactive
185044369,Donald,Harrison,8496 Isles CourtPasadena MD 21122,donald@gmail.com,11-16-1984,Female,DevOps,9011113462,Active
505399675,Emeline,Kelley,4032 Windwood LaneNashville TN 37214,emeline@gmail.com,01-25-2001,Male,Finance,8976067094,Active
955619275,Jordan,Maldonado,6505 South Lagoon DrivePanama City Beach FL 32408,jordan@gmail.com,10-04-2003,Other,HR,4895487378,Inactive
378208524,Edmond,Finder,1825 Woodland Farms CourtNashville TN 37138,edmond@gmail.com,05-03-1995,Male,Marketing,7686120164,Active
987401882,Chris,Wheat,110 Carraway LaneAnnapolis MD 21401,chris@gmail.com,01-11-1977,Male,IT,5024985938,Active
470882499,Lori,Peterson,10400 Royal Oak RoadOakland CA 94605,lori@gmail.com,04-10-1982,Male,Marketing,8082979721,Inactive
601076367,Maurice,Byrant,4940 Fuller RoadMontgomery AL 36110,maurice@gmail.com,09-10-2000,Male,HR,9283665497,Active
527337620,Sarah,Gilmore,1122 McDaniel StreetSun City Center FL 33573,sarah@gmail.com,04-12-1984,Female,Accounting,5793711880,Active
383442134,Wade,Hegg,95 Woods Hill Roadundefined VT 05488,wade@gmail.com,09-25-1976,Male,Accounting,0859858534,Active
746884378,Dorothy,Ellis,527 Birch Mountain RoadManchester CT 06040,dorothy@gmail.com,06-19-1977,Other,HR,4840505961,Inactive
669593642,Gregory,Cooper,905 C Street NortheastWashington AR 20002,gregory@gmail.com,07-17-1980,Other,Marketing,4631418496,Inactive
188221808,Brant,Thacker,3414 Vance LaneMontgomery AL 36109,brant@gmail.com,09-01-1991,Female,Accounting,9278825087,Active
299327437,Allison,Kuttner,6231 North 67th AvenueGlendale AZ 85301,allison@gmail.com,01-31-1989,Male,Accounting,0399589445,Inactive
508742954,Priscilla,Munoz,10400 Royal Oak RoadOakland CA 94605,priscilla@gmail.com,05-09-1973,Male,DevOps,2134761559,Active
634918304,Maria,Rivera,31130 Meadowbrook AvenueHayward CA 94544,maria@gmail.com,06-25-1995,Other,Marketing,3864980190,Inactive
934445230,Mary,Varden,13531 West 72nd DriveArvada CO 80005,mary@gmail.com,11-15-1988,Male,Finance,5329342662,Active
807285150,Sam,Wentz,2130 Winona AvenueMontgomery AL 36107,sam@gmail.com,09-12-1986,Female,DevOps,6229376000,Active
442427050,Andy,Burgess,74 Ranch DriveMontgomery AL 36109,andy@gmail.com,04-21-1987,Female,Marketing,2402886243,Inactive
722573995,Michael,Araiza,653 Vermont 12Hartland VT 05048,michael@gmail.com,07-13-1984,Other,DevOps,3949901504,Active
482982774,William,Panther,4511 43rd Place NorthwestWashington AR 20016,william@gmail.com,03-19-1983,Other,HR,2943307938,Inactive
185628393,Clarice,Brill,519 West 75th AvenueAnchorage AK 99518,clarice@gmail.com,02-06-1983,Other,Accounting,0337846732,Inactive
113800601,Amanda,Begin,10400 Royal Oak RoadOakland CA 94605,amanda@gmail.com,07-12-1992,Female,Accounting,2853072832,Inactive
904879954,Louis,Mcgrath,4444 Central AvenueFremont CA 94536,louis@gmail.com,01-23-1998,Female,HR,8424528239,Inactive
150238301,Gregory,Dishong,23501 Ida LaneHayward CA 94541,gregory@gmail.com,01-13-1981,Male,Marketing,3579348485,Inactive
984675405,Fran,Merrick,1825 Woodland Farms CourtNashville TN 37138,fran@gmail.com,09-08-1977,Other,Marketing,6070145467,Active
877822809,Robert,Burrough,13426 North 54th DriveGlendale AZ 85304,robert@gmail.com,04-09-1982,Male,Marketing,6678393200,Active
737607747,Mary,Banks,1408 Holly StreetNashville TN 37206,mary@gmail.com,04-03-1996,Other,Accounting,1144362872,Inactive
612484980,Debra,Peoples,55 Russells Mills RoadDartmouth MA 02748,debra@gmail.com,06-28-1978,Other,HR,1136878107,Inactive
820539005,Crystal,Davis,529 Wesley AvenueNashville TN 37207,crystal@gmail.com,12-23-1999,Male,Marketing,8199143688,Active
449511153,Kimberly,Kroon,2130 Winona AvenueMontgomery AL 36107,kimberly@gmail.com,10-08-2000,Other,Accounting,8058891502,Inactive
437033905,Karen,Kinsey,4 Stemson WayPort Wentworth GA 31407,karen@gmail.com,10-23-1991,Male,Accounting,1439768624,Inactive
694253063,James,Eller,240 Chatham LaneAnnapolis MD 21403,james@gmail.com,02-02-1995,Male,Accounting,8169107986,Inactive
528913411,Robin,Sulik,6311 West Wagoner RoadGlendale AZ 85308,robin@gmail.com,06-07-1980,Other,Finance,1093590215,Active
334778628,Manuel,Knuckles,1711 8th Street NorthwestWashington AR 20001,manuel@gmail.com,11-28-1985,Other,IT,1078796603,Inactive
681196374,Ricky,Walden,10175 West 58th PlaceArvada CO 80004,ricky@gmail.com,07-04-1976,Female,HR,3200241961,Active
995983772,Juan,Davis,1627 Connecticut Avenue NorthwestWashington AR 20009,juan@gmail.com,05-31-1991,Other,HR,3193161521,Active
140571878,Genevieve,Steele,904 Walthour RoadSavannah GA 31410,genevieve@gmail.com,10-13-2001,Male,IT,3625648182,Inactive
132475021,Tara,Plaza,4463 Cato RoadNashville TN 37218,tara@gmail.com,11-30-1973,Male,DevOps,6580501697,Inactive
886083781,Michael,Hricko,20375 Wisteria StreetCastro Valley CA 94546,michael@gmail.com,03-23-1996,Male,Finance,4639865282,Active
938025426,Mike,Yeadon,645 Malaga PlacePanama City Beach FL 32413,mike@gmail.com,02-22-1996,Male,Accounting,3585681798,Active
765125133,Stephen,Rosales,4444 Central AvenueFremont CA 94536,stephen@gmail.com,01-10-1998,Other,Accounting,5927708747,Active
680984705,Daniel,Crawford,7027 West Phelps RoadPeoria AZ 85382,daniel@gmail.com,04-17-1985,Female,DevOps,7127906269,Active
968355362,Anitra,Sabad,185 Woodlawn RoadBurlington VT 05408,anitra@gmail.com,06-27-1982,Male,DevOps,2626055817,Inactive
595400342,Edgardo,Hwang,86 Pine StreetCambridge MA 02139,edgardo@gmail.com,02-14-1982,Female,Finance,0702913343,Active
801340076,Barbara,Shannon,4032 Windwood LaneNashville TN 37214,barbara@gmail.com,07-13-1993,Female,Accounting,5287969126,Active
941301525,Kelly,Symes,904 Walthour RoadSavannah GA 31410,kelly@gmail.com,10-04-1993,Male,HR,3176564153,Active
532120680,James,Lopez,182 Regency CirclePooler GA 31322,james@gmail.com,09-19-1989,Male,Marketing,3659680099,Inactive
225490796,Kim,Coleman,145 Saint John StreetManchester CT 06040,kim@gmail.com,10-17-1995,Other,DevOps,9963955183,Inactive
842691560,Robert,Gehrmann,2917 Danzig PlaceLouisville KY 40245,robert@gmail.com,01-10-1984,Female,Finance,2694056381,Active
617992235,Sherice,Dunn,121 Mills Run DriveSavannah GA 31405,sherice@gmail.com,07-10-1977,Female,Finance,5634658187,Active
701435331,Linda,Daniel,5110 East Shoshone AvenueOrange CA 92867,linda@gmail.com,06-01-1994,Male,IT,9574093472,Inactive
145812400,Jerry,Arnette,8496 Isles CourtPasadena MD 21122,jerry@gmail.com,05-06-1978,Other,HR,2010326975,Active
662147610,Tracy,Thurber,22649 McManus DriveAnchorage AK 99567,tracy@gmail.com,10-17-1975,Female,Finance,2748825567,Active
934226895,Paul,Cunningham,23501 Ida LaneHayward CA 94541,paul@gmail.com,05-20-2002,Male,HR,0057703770,Active
666122023,Seth,Morris,7910 West Krall StreetGlendale AZ 85303,seth@gmail.com,03-01-1975,Female,Finance,9785597182,Active
354553257,Wesley,Shoults,18426 West Carol AvenueWaddell AZ 85355,wesley@gmail.com,12-14-1973,Male,IT,8339573093,Active
977255363,Danielle,Blakely,7 Maple Hill RoadAquinnah MA 02535,danielle@gmail.com,07-02-1990,Male,Finance,0123764281,Active
534651815,Tyron,Furey,1021 North Center AvenuePanama City FL 32401,tyron@gmail.com,11-11-1997,Other,IT,1382433281,Inactive
799974324,Stephen,Stephens,4444 Central AvenueFremont CA 94536,stephen@gmail.com,01-10-1992,Female,Marketing,2579647832,Inactive
975194929,Frances,Chavez,10383 Eagle River LaneAnchorage AK 99577,frances@gmail.com,02-23-1999,Male,Finance,5475696625,Active
114859028,Faye,Gonzalez,2330 39th Street NorthwestWashington AR 20007,faye@gmail.com,04-21-1999,Male,Marketing,5538487541,Inactive
295088298,Daniel,Olsen,18426 West Carol AvenueWaddell AZ 85355,daniel@gmail.com,08-24-1973,Female,HR,0049952086,Active
217079516,Alec,Spence,27 Cabbage CrossingSavannah GA 31411,alec@gmail.com,05-17-1994,Male,Accounting,0002340856,Inactive
163273477,Dominique,Parks,3033 Aubert AvenueLouisville KY 40206,dominique@gmail.com,12-08-1992,Other,Marketing,1543869035,Inactive
718813140,Jennifer,Graham,4511 43rd Place NorthwestWashington AR 20016,jennifer@gmail.com,09-19-1985,Male,Accounting,9562894733,Active
329229322,Ida,Mccarthy,4511 Sloat RoadFremont CA 94538,ida@gmail.com,04-20-2001,Male,HR,6973688207,Inactive
576893283,James,Sanders,2685 California StreetMountain View CA 94040,james@gmail.com,09-01-1981,Female,DevOps,8163248413,Inactive
187783428,Abraham,Wells,22825 North 74th LaneGlendale AZ 85310,abraham@gmail.com,01-16-1988,Other,IT,7775796284,Inactive
205952583,Rosemary,Chaney,7229 Lewis PlaceAnchorage AK 99507,rosemary@gmail.com,09-08-1974,Male,Finance,4729884978,Active
773559216,Don,Wallace,8752 Pierce WayArvada CO 80003,don@gmail.com,06-14-1985,Other,Finance,0093192663,Active
286747381,Tasha,Crump,3414 Vance LaneMontgomery AL 36109,tasha@gmail.com,10-19-2001,Other,Finance,7117036899,Active
795497122,Beverly,Perez,3189 Main StreetMammoth Lakes CA 93546,beverly@gmail.com,10-09-1981,Other,Accounting,2801652640,Inactive
223817230,Steven,Washington,185 Woodlawn RoadBurlington VT 05408,steven@gmail.com,01-11-1988,Female,Marketing,7985993384,Active